{"type": "metrics", "dataset": "train", "precision": 0.6652142338416849, "balanced_accuracy": 0.6654547434507997, "recall": 0.38772486772486775, "f1_score": 0.48990506752239604}
{"type": "metrics", "dataset": "test", "precision": 0.6517706576728499, "balanced_accuracy": 0.6735851602438904, "recall": 0.4055613850996852, "f1_score": 0.5}
{"type": "cm_matrix", "dataset": "train", "true_0": {"predicted_0": 15306, "predicted_1": 922}, "true_1": {"predicted_0": 2893, "predicted_1": 1832}}
{"type": "cm_matrix", "dataset": "test", "true_0": {"predicted_0": 15306, "predicted_1": 922}, "true_1": {"predicted_0": 2893, "predicted_1": 1832}}
