{"type": "metrics", "dataset": "train", "precision": 0.6921212121212121, "balanced_accuracy": 0.6577919019057792, "recall": 0.36253968253968255, "f1_score": 0.47583333333333333}
{"type": "metrics", "dataset": "test", "precision": 0.6842105263157895, "balanced_accuracy": 0.664237433071303, "recall": 0.3751311647429171, "f1_score": 0.4845814977973568}
{"type": "cm_matrix", "dataset": "train", "true_0": {"predicted_0": 15466, "predicted_1": 762}, "true_1": {"predicted_0": 3012, "predicted_1": 1713}}
{"type": "cm_matrix", "dataset": "test", "true_0": {"predicted_0": 15466, "predicted_1": 762}, "true_1": {"predicted_0": 3012, "predicted_1": 1713}}
