{"type": "metrics", "dataset": "train", "precision": 0.7016861219195849, "balanced_accuracy": 0.5501621601177924, "recall": 0.1144973544973545, "f1_score": 0.19687045123726346}
{"type": "metrics", "dataset": "test", "precision": 0.7188328912466844, "balanced_accuracy": 0.5635980063404143, "recall": 0.14218258132214062, "f1_score": 0.23740692071835304}
{"type": "cm_matrix", "dataset": "train", "true_0": {"predicted_0": 15998, "predicted_1": 230}, "true_1": {"predicted_0": 4184, "predicted_1": 541}}
{"type": "cm_matrix", "dataset": "test", "true_0": {"predicted_0": 15998, "predicted_1": 230}, "true_1": {"predicted_0": 4184, "predicted_1": 541}}
