{"type": "metrics", "dataset": "train", "precision": 0.6959619952494062, "balanced_accuracy": 0.6623689410033999, "recall": 0.37206349206349204, "f1_score": 0.48489863467107985}
{"type": "metrics", "dataset": "test", "precision": 0.6761729530818767, "balanced_accuracy": 0.6679288128346434, "recall": 0.38562434417628544, "f1_score": 0.49114600735048447}
{"type": "cm_matrix", "dataset": "train", "true_0": {"predicted_0": 15460, "predicted_1": 768}, "true_1": {"predicted_0": 2967, "predicted_1": 1758}}
{"type": "cm_matrix", "dataset": "test", "true_0": {"predicted_0": 15460, "predicted_1": 768}, "true_1": {"predicted_0": 2967, "predicted_1": 1758}}
